MatrixSize	GaussSolverSpentTime	GaussSolverIterations	QRSolverSpentTime	QRSolverIterations
1	6e-06	4	4e-06	5
2	2e-06	16	1.2e-05	27
3	4e-06	38	7e-06	78
4	4e-06	72	4e-06	170
5	4e-06	120	7e-06	315
6	4e-06	184	7e-06	525
7	5e-06	266	7e-06	812
8	5e-06	368	9e-06	1188
9	7e-06	492	1.2e-05	1665
10	6e-06	640	1e-05	2255
11	7e-06	814	1.2e-05	2970
12	7e-06	1016	1.4e-05	3822
13	1e-05	1248	1.6e-05	4823
14	1e-05	1512	2.1e-05	5985
15	1.2e-05	1810	2e-05	7320
16	1.3e-05	2144	2.2e-05	8840
17	1.5e-05	2516	2.6e-05	10557
18	1.3e-05	2928	2.7e-05	12483
19	1.8e-05	3382	3.7e-05	14630
20	1.6e-05	3880	3e-05	17010
21	1.8e-05	4424	3.8e-05	19635
22	2e-05	5016	4e-05	22517
23	2.1e-05	5658	4.4e-05	25668
24	2.3e-05	6352	4.4e-05	29100
25	2.4e-05	7100	6.8e-05	32825
26	5.3e-05	7904	6.7e-05	36855
27	3.2e-05	8766	6.2e-05	41202
28	3e-05	9688	7e-05	45878
29	3.4e-05	10672	6.7e-05	50895
30	3.3e-05	11720	7.4e-05	56265
31	3.8e-05	12834	0.000134	62000
32	6.8e-05	14016	0.00014	68112
33	6.7e-05	15268	0.000213	74613
34	9.8e-05	16592	0.000163	81515
35	9.6e-05	17990	0.00015	88830
36	5e-05	19464	0.000138	96570
37	5.1e-05	21016	0.000132	104747
38	4.5e-05	22648	0.000119	113373
39	4.9e-05	24362	0.000178	122460
40	5e-05	26160	0.000132	132020
41	5.8e-05	28044	0.000221	142065
42	0.0001	30016	0.000223	152607
43	8.1e-05	32078	0.000173	163658
44	0.0001	34232	0.000202	175230
45	0.000107	36480	0.000183	187335
46	0.000108	38824	0.000224	199985
47	9.8e-05	41266	0.000221	213192
48	9.7e-05	43808	0.000222	226968
49	0.000117	46452	0.000256	241325
50	0.000121	49200	0.000278	256275
51	0.000146	52054	0.000335	271830
52	0.000148	55016	0.000331	288002
53	0.000189	58088	0.000422	304803
54	0.000222	61272	0.000463	322245
55	0.000169	64570	0.00044	340340
56	0.000247	67984	0.000538	359100
57	0.000242	71516	0.000478	378537
58	0.000194	75168	0.000411	398663
59	0.000178	78942	0.000466	419490
60	0.000222	82840	0.000536	441030
61	0.000252	86864	0.000615	463295
62	0.00028	91016	0.000663	486297
63	0.000212	95298	0.000556	510048
64	0.000181	99712	0.000528	534560
65	0.000206	104260	0.000493	559845
66	0.000202	108944	0.00058	585915
67	0.000261	113766	0.000568	612782
68	0.000189	118728	0.000473	640458
69	0.000197	123832	0.000507	668955
70	0.000216	129080	0.000515	698285
71	0.000215	134474	0.000584	728460
72	0.000205	140016	0.000566	759492
73	0.000216	145708	0.000717	791393
74	0.00034	151552	0.00081	824175
75	0.000228	157550	0.000719	857850
76	0.00024	163704	0.000731	892430
77	0.000239	170016	0.000812	927927
78	0.000252	176488	0.000914	964353
79	0.000337	183122	0.000936	1001720
80	0.000318	189920	0.001017	1040040
81	0.000312	196884	0.00097	1079325
82	0.000305	204016	0.001171	1119587
83	0.000557	211318	0.001324	1160838
84	0.000412	218792	0.001217	1203090
85	0.000502	226440	0.001256	1246355
86	0.000427	234264	0.001029	1290645
87	0.000314	242266	0.000949	1335972
88	0.00033	250448	0.001111	1382348
89	0.000342	258812	0.001551	1429785
90	0.000344	267360	0.001066	1478295
91	0.000361	276094	0.001258	1527890
92	0.000351	285016	0.001162	1578582
93	0.000373	294128	0.001134	1630383
94	0.000393	303432	0.001241	1683305
95	0.00038	312930	0.001652	1737360
96	0.000413	322624	0.00138	1792560
97	0.000479	332516	0.001687	1848917
98	0.00045	342608	0.001555	1906443
99	0.000463	352902	0.001732	1965150
100	0.000563	363400	0.001711	2025050
101	0.000552	374104	0.001498	2086155
102	0.000451	385016	0.001494	2148477
103	0.000484	396138	0.001523	2212028
104	0.000507	407472	0.001585	2276820
105	0.000489	419020	0.001864	2342865
106	0.000683	430784	0.002461	2410175
107	0.000685	442766	0.002688	2478762
108	0.000878	454968	0.002146	2548638
109	0.000771	467392	0.002204	2619815
110	0.000682	480040	0.002281	2692305
111	0.000915	492914	0.002483	2766120
112	0.000605	506016	0.001968	2841272
113	0.000769	519348	0.002341	2917773
114	0.000756	532912	0.002511	2995635
115	0.000673	546710	0.00225	3074870
116	0.000744	560744	0.002779	3155490
117	0.000809	575016	0.003062	3237507
118	0.000905	589528	0.002545	3320933
119	0.000675	604282	0.002561	3405780
120	0.000736	619280	0.002446	3492060
121	0.000695	634524	0.002633	3579785
122	0.000831	650016	0.002617	3668967
123	0.00075	665758	0.002697	3759618
124	0.000742	681752	0.002944	3851750
125	0.00094	698000	0.003196	3945375
126	0.000949	714504	0.003244	4040505
127	0.001095	731266	0.004337	4137152
128	0.001173	748288	0.004146	4235328
129	0.001538	765572	0.004123	4335045
130	0.001104	783120	0.003389	4436315
131	0.000971	800934	0.004015	4539150
132	0.001252	819016	0.0041	4643562
133	0.001557	837368	0.003413	4749563
134	0.000914	855992	0.004258	4857165
135	0.001612	874890	0.004746	4966380
136	0.000981	894064	0.003633	5077220
137	0.000984	913516	0.003478	5189697
138	0.000977	933248	0.003845	5303823
139	0.001142	953262	0.00421	5419610
140	0.002182	973560	0.006506	5537070
141	0.001485	994144	0.004162	5656215
142	0.001053	1015016	0.004374	5777057
143	0.001361	1036178	0.006189	5899608
144	0.001294	1057632	0.004437	6023880
145	0.001441	1079380	0.004502	6149885
146	0.001394	1101424	0.004909	6277635
147	0.001168	1123766	0.004762	6407142
148	0.00151	1146408	0.005288	6538418
149	0.001858	1169352	0.005389	6671475
150	0.001235	1192600	0.004753	6806325
151	0.001469	1216154	0.005769	6942980
152	0.001498	1240016	0.0056	7081452
153	0.001293	1264188	0.007269	7221753
154	0.001756	1288672	0.006817	7363895
155	0.002227	1313470	0.006116	7507890
156	0.001639	1338584	0.006598	7653750
157	0.003008	1364016	0.006412	7801487
158	0.001867	1389768	0.0075	7951113
159	0.001653	1415842	0.005711	8102640
160	0.001784	1442240	0.006761	8256080
161	0.001531	1468964	0.007734	8411445
162	0.002077	1496016	0.00597	8568747
163	0.001584	1523398	0.006368	8727998
164	0.002248	1551112	0.007639	8889210
165	0.001646	1579160	0.00879	9052395
166	0.002489	1607544	0.006467	9217565
167	0.001978	1636266	0.008644	9384732
168	0.001924	1665328	0.00916	9553908
169	0.001867	1694732	0.008799	9725105
170	0.002079	1724480	0.006855	9898335
171	0.001894	1754574	0.007562	10073610
172	0.002709	1785016	0.008132	10250942
173	0.002165	1815808	0.008028	10430343
174	0.001947	1846952	0.007834	10611825
175	0.002374	1878450	0.009282	10795400
176	0.002125	1910304	0.010839	10981080
177	0.002806	1942516	0.01104	11168877
178	0.002585	1975088	0.010029	11358803
179	0.003354	2008022	0.00918	11550870
180	0.002477	2041320	0.00961	11745090
181	0.00218	2074984	0.010168	11941475
182	0.002476	2109016	0.008425	12140037
183	0.002193	2143418	0.01082	12340788
184	0.002775	2178192	0.009488	12543740
185	0.00285	2213340	0.00994	12748905
186	0.002483	2248864	0.011745	12956295
187	0.003336	2284766	0.010778	13165922
188	0.003472	2321048	0.011865	13377798
189	0.002303	2357712	0.01312	13591935
190	0.003104	2394760	0.010105	13808345
191	0.003305	2432194	0.013363	14027040
192	0.004469	2470016	0.012018	14248032
193	0.003853	2508228	0.011351	14471333
194	0.002593	2546832	0.012236	14696955
195	0.004142	2585830	0.012103	14924910
196	0.003838	2625224	0.013386	15155210
197	0.002816	2665016	0.010627	15387867
198	0.003072	2705208	0.013347	15622893
199	0.004356	2745802	0.013283	15860300
200	0.002882	2786800	0.011333	16100100
201	0.003473	2828204	0.012511	16342305
202	0.004105	2870016	0.013649	16586927
203	0.003185	2912238	0.011969	16833978
204	0.003484	2954872	0.01366	17083470
205	0.004275	2997920	0.013264	17335415
206	0.003392	3041384	0.01646	17589825
207	0.003261	3085266	0.014875	17846712
208	0.003473	3129568	0.017201	18106088
209	0.004256	3174292	0.017289	18367965
210	0.003518	3219440	0.015293	18632355
211	0.003309	3265014	0.01943	18899270
212	0.004158	3311016	0.014509	19168722
213	0.004532	3357448	0.01682	19440723
214	0.00399	3404312	0.015696	19715285
215	0.003639	3451610	0.016568	19992420
216	0.003566	3499344	0.015073	20272140
217	0.004559	3547516	0.015704	20554457
218	0.00359	3596128	0.0179	20839383
219	0.004557	3645182	0.019741	21126930
220	0.006092	3694680	0.018496	21417110
221	0.004021	3744624	0.02047	21709935
222	0.003743	3795016	0.017963	22005417
223	0.004992	3845858	0.02198	22303568
224	0.00449	3897152	0.01831	22604400
225	0.004692	3948900	0.018103	22907925
226	0.004562	4001104	0.018989	23214155
227	0.004669	4053766	0.019228	23523102
228	0.004802	4106888	0.021798	23834778
229	0.004799	4160472	0.018067	24149195
230	0.004592	4214520	0.019953	24466365
231	0.004794	4269034	0.023767	24786300
232	0.004531	4324016	0.02076	25109012
233	0.00452	4379468	0.021198	25434513
234	0.004565	4435392	0.01887	25762815
235	0.004786	4491790	0.025497	26093930
236	0.005385	4548664	0.019643	26427870
237	0.005498	4606016	0.019532	26764647
238	0.004855	4663848	0.024683	27104273
239	0.004936	4722162	0.019175	27446760
240	0.004666	4780960	0.020588	27792120
241	0.004767	4840244	0.022924	28140365
242	0.005101	4900016	0.024626	28491507
243	0.007477	4960278	0.024231	28845558
244	0.005878	5021032	0.023557	29202530
245	0.007995	5082280	0.02113	29562435
246	0.005481	5144024	0.024944	29925285
247	0.005655	5206266	0.029025	30291092
248	0.006064	5269008	0.023028	30659868
249	0.006729	5332252	0.025969	31031625
250	0.0055	5396000	0.021784	31406375
251	0.005758	5460254	0.030733	31784130
252	0.006217	5525016	0.025808	32164902
253	0.006196	5590288	0.026412	32548703
254	0.005494	5656072	0.023034	32935545
255	0.005737	5722370	0.027551	33325440
256	0.005653	5789184	0.03297	33718400
257	0.00728	5856516	0.027159	34114437
258	0.006833	5924368	0.027035	34513563
259	0.007187	5992742	0.029395	34915790
260	0.006196	6061640	0.034665	35321130
261	0.007043	6131064	0.029669	35729595
262	0.006575	6201016	0.039813	36141197
263	0.007607	6271498	0.033627	36555948
264	0.006492	6342512	0.028076	36973860
265	0.007082	6414060	0.03335	37394945
266	0.007041	6486144	0.02894	37819215
267	0.007515	6558766	0.035821	38246682
268	0.006983	6631928	0.033048	38677358
269	0.006869	6705632	0.034066	39111255
270	0.008016	6779880	0.033237	39548385
271	0.006991	6854674	0.03544	39988760
272	0.008955	6930016	0.03779	40432392
273	0.008892	7005908	0.035043	40879293
274	0.009228	7082352	0.038727	41329475
275	0.007568	7159350	0.039938	41782950
276	0.007678	7236904	0.035085	42239730
277	0.009168	7315016	0.03049	42699827
278	0.009831	7393688	0.034891	43163253
279	0.009068	7472922	0.033935	43630020
280	0.010414	7552720	0.041442	44100140
281	0.010172	7633084	0.031305	44573625
282	0.008874	7714016	0.036562	45050487
283	0.007948	7795518	0.037385	45530738
284	0.009261	7877592	0.041776	46014390
285	0.008818	7960240	0.041653	46501455
286	0.007897	8043464	0.041669	46991945
287	0.009764	8127266	0.042483	47485872
288	0.014695	8211648	0.040317	47983248
289	0.009881	8296612	0.037596	48484085
290	0.009666	8382160	0.046112	48988395
291	0.011724	8468294	0.039136	49496190
292	0.011022	8555016	0.042577	50007482
293	0.011749	8642328	0.041642	50522283
294	0.010125	8730232	0.047734	51040605
295	0.014052	8818730	0.03938	51562460
296	0.011406	8907824	0.041945	52087860
297	0.01069	8997516	0.04632	52616817
298	0.009251	9087808	0.039467	53149343
299	0.012353	9178702	0.050972	53685450
300	0.009356	9270200	0.039683	54225150
301	0.01084	9362304	0.04605	54768455
302	0.01074	9455016	0.042474	55315377
303	0.012834	9548338	0.049514	55865928
304	0.01161	9642272	0.04387	56420120
305	0.015337	9736820	0.044725	56977965
306	0.009919	9831984	0.042738	57539475
307	0.012902	9927766	0.042462	58104662
308	0.0125	10024168	0.046802	58673538
309	0.013951	10121192	0.045393	59246115
310	0.01174	10218840	0.044576	59822405
311	0.010863	10317114	0.04557	60402420
312	0.013129	10416016	0.046064	60986172
313	0.013337	10515548	0.045506	61573673
314	0.014317	10615712	0.046689	62164935
315	0.01017	10716510	0.047355	62759970
316	0.011986	10817944	0.055346	63358790
317	0.01072	10920016	0.052388	63961407
318	0.010694	11022728	0.056325	64567833
319	0.010659	11126082	0.051082	65178080
320	0.013222	11230080	0.053122	65792160
321	0.011027	11334724	0.053141	66410085
322	0.012941	11440016	0.061505	67031867
323	0.012323	11545958	0.060025	67657518
324	0.014542	11652552	0.057313	68287050
325	0.011353	11759800	0.051452	68920475
326	0.017186	11867704	0.057777	69557805
327	0.012255	11976266	0.062861	70199052
328	0.011861	12085488	0.062148	70844228
329	0.016672	12195372	0.067418	71493345
330	0.017104	12305920	0.056874	72146415
331	0.012245	12417134	0.062701	72803450
332	0.01463	12529016	0.065625	73464462
333	0.012121	12641568	0.063864	74129463
334	0.015669	12754792	0.06101	74798465
335	0.012352	12868690	0.058887	75471480
336	0.013517	12983264	0.06578	76148520
337	0.018659	13098516	0.061825	76829597
338	0.013154	13214448	0.067115	77514723
339	0.015537	13331062	0.070203	78203910
340	0.016091	13448360	0.068889	78897170
341	0.013097	13566344	0.058685	79594515
342	0.015469	13685016	0.064405	80295957
343	0.014008	13804378	0.060931	81001508
344	0.020005	13924432	0.068791	81711180
345	0.014789	14045180	0.073185	82424985
346	0.017273	14166624	0.061444	83142935
347	0.013903	14288766	0.069674	83865042
348	0.013934	14411608	0.067769	84591318
349	0.015053	14535152	0.061543	85321775
350	0.016036	14659400	0.07049	86056425
351	0.016501	14784354	0.062262	86795280
352	0.014608	14910016	0.070604	87538352
353	0.014382	15036388	0.07019	88285653
354	0.014463	15163472	0.066258	89037195
355	0.01737	15291270	0.076096	89792990
356	0.01612	15419784	0.078456	90553050
357	0.014812	15549016	0.07358	91317387
358	0.015041	15678968	0.073737	92086013
359	0.017422	15809642	0.075343	92858940
360	0.015949	15941040	0.071887	93636180
361	0.01701	16073164	0.083392	94417745
362	0.016008	16206016	0.071332	95203647
363	0.017018	16339598	0.084354	95993898
364	0.020961	16473912	0.084957	96788510
365	0.016304	16608960	0.082521	97587495
366	0.019629	16744744	0.07294	98390865
367	0.016031	16881266	0.074621	99198632
368	0.018201	17018528	0.07801	100010808
369	0.016143	17156532	0.072933	100827405
370	0.017279	17295280	0.079593	101648435
371	0.016688	17434774	0.083626	102473910
372	0.017886	17575016	0.078971	103303842
373	0.019743	17716008	0.0819	104138243
374	0.01723	17857752	0.085835	104977125
375	0.022493	18000250	0.083752	105820500
376	0.021823	18143504	0.087456	106668380
377	0.017706	18287516	0.084683	107520777
378	0.01764	18432288	0.083012	108377703
379	0.02261	18577822	0.07802	109239170
380	0.023823	18724120	0.092498	110105190
381	0.018057	18871184	0.086107	110975775
382	0.021016	19019016	0.08888	111850937
383	0.018931	19167618	0.086934	112730688
384	0.02497	19316992	0.087178	113615040
385	0.018568	19467140	0.087697	114504005
386	0.01885	19618064	0.09933	115397595
387	0.020854	19769766	0.092711	116295822
388	0.019571	19922248	0.091318	117198698
389	0.020602	20075512	0.096218	118106235
390	0.019718	20229560	0.09467	119018445
391	0.019759	20384394	0.094228	119935340
392	0.022667	20540016	0.097543	120856932
393	0.022382	20696428	0.100594	121783233
394	0.023462	20853632	0.093915	122714255
395	0.024794	21011630	0.086928	123650010
396	0.02627	21170424	0.097345	124590510
397	0.020749	21330016	0.095254	125535767
398	0.020476	21490408	0.10061	126485793
399	0.020349	21651602	0.092208	127440600
400	0.022538	21813600	0.095154	128400200
401	0.021397	21976404	0.101317	129364605
402	0.022433	22140016	0.093244	130333827
403	0.021055	22304438	0.105591	131307878
404	0.021102	22469672	0.099306	132286770
405	0.028269	22635720	0.102066	133270515
406	0.021549	22802584	0.098168	134259125
407	0.022416	22970266	0.107867	135252612
408	0.031352	23138768	0.111361	136250988
409	0.022018	23308092	0.110344	137254265
410	0.022071	23478240	0.111276	138262455
411	0.02733	23649214	0.11276	139275570
412	0.022571	23821016	0.114381	140293622
413	0.023426	23993648	0.110719	141316623
414	0.022785	24167112	0.111555	142344585
415	0.028983	24341410	0.114221	143377520
416	0.023495	24516544	0.122926	144415440
417	0.029671	24692516	0.118282	145458357
418	0.028653	24869328	0.109027	146506283
419	0.027236	25046982	0.10353	147559230
420	0.024069	25225480	0.120633	148617210
421	0.024094	25404824	0.120825	149680235
422	0.026728	25585016	0.122189	150748317
423	0.031694	25766058	0.118766	151821468
424	0.027527	25947952	0.122938	152899700
425	0.031886	26130700	0.11296	153983025
426	0.028877	26314304	0.123414	155071455
427	0.024772	26498766	0.123187	156165002
428	0.030612	26684088	0.124249	157263678
429	0.02826	26870272	0.140844	158367495
430	0.027649	27057320	0.124057	159476465
431	0.025429	27245234	0.157129	160590600
432	0.032032	27434016	0.119704	161709912
433	0.03628	27623668	0.139703	162834413
434	0.0304	27814192	0.11943	163964115
435	0.027806	28005590	0.127824	165099030
436	0.027628	28197864	0.122996	166239170
437	0.034466	28391016	0.118554	167384547
438	0.028105	28585048	0.1176	168535173
439	0.036348	28779962	0.133801	169691060
440	0.029176	28975760	0.128952	170852220
441	0.029993	29172444	0.141101	172018665
442	0.028065	29370016	0.127526	173190407
443	0.029254	29568478	0.132387	174367458
444	0.02839	29767832	0.129311	175549830
445	0.028387	29968080	0.136882	176737535
446	0.036063	30169224	0.159094	177930585
447	0.028845	30371266	0.127585	179128992
448	0.038282	30574208	0.146379	180332768
449	0.029712	30778052	0.136297	181541925
450	0.030971	30982800	0.133839	182756475
451	0.02984	31188454	0.142959	183976430
452	0.031641	31395016	0.146574	185201802
453	0.033746	31602488	0.146025	186432603
454	0.032246	31810872	0.138326	187668845
455	0.040229	32020170	0.154605	188910540
456	0.044669	32230384	0.162389	190157700
457	0.042457	32441516	0.157047	191410337
458	0.040142	32653568	0.15615	192668463
459	0.041208	32866542	0.15043	193932090
460	0.031178	33080440	0.169441	195201230
461	0.037564	33295264	0.149989	196475895
462	0.037159	33511016	0.157555	197756097
463	0.03539	33727698	0.155276	199041848
464	0.043475	33945312	0.171428	200333160
465	0.032513	34163860	0.154101	201630045
466	0.044896	34383344	0.159331	202932515
467	0.037159	34603766	0.150105	204240582
468	0.034561	34825128	0.166827	205554258
469	0.035443	35047432	0.162428	206873555
470	0.033315	35270680	0.165231	208198485
471	0.037161	35494874	0.159717	209529060
472	0.037159	35720016	0.160857	210865292
473	0.042961	35946108	0.172659	212207193
474	0.0427	36173152	0.153677	213554775
475	0.036193	36401150	0.15752	214908050
476	0.03859	36630104	0.1612	216267030
477	0.034766	36860016	0.170464	217631727
478	0.035233	37090888	0.165634	219002153
479	0.046287	37322722	0.169978	220378320
480	0.036783	37555520	0.176636	221760240
481	0.045173	37789284	0.177518	223147925
482	0.038171	38024016	0.173786	224541387
483	0.040911	38259718	0.177102	225940638
484	0.037489	38496392	0.171814	227345690
485	0.042379	38734040	0.160196	228756555
486	0.043919	38972664	0.17586	230173245
487	0.044146	39212266	0.171204	231595772
488	0.03806	39452848	0.174854	233024148
489	0.038286	39694412	0.177538	234458385
490	0.043238	39936960	0.187987	235898495
491	0.041623	40180494	0.17382	237344490
492	0.041016	40425016	0.190585	238796382
493	0.038766	40670528	0.176399	240254183
494	0.044526	40917032	0.195589	241717905
495	0.042326	41164530	0.18629	243187560
496	0.043141	41413024	0.197486	244663160
497	0.044948	41662516	0.179768	246144717
498	0.044252	41913008	0.187521	247632243
499	0.046679	42164502	0.192577	249125750
500	0.041788	42417000	0.18048	250625250
501	0.043128	42670504	0.19345	252130755
502	0.045208	42925016	0.194136	253642277
503	0.047508	43180538	0.197742	255159828
504	0.049537	43437072	0.195625	256683420
505	0.05225	43694620	0.19824	258213065
506	0.042589	43953184	0.212756	259748775
507	0.044712	44212766	0.206055	261290562
508	0.049874	44473368	0.202136	262838438
509	0.043657	44734992	0.193204	264392415
510	0.051978	44997640	0.214126	265952505
511	0.053367	45261314	0.209908	267518720
512	0.058725	45526016	0.201312	269091072
513	0.050327	45791748	0.215194	270669573
514	0.047259	46058512	0.208576	272254235
515	0.047197	46326310	0.21223	273845070
516	0.052074	46595144	0.205848	275442090
517	0.059042	46865016	0.207831	277045307
518	0.052296	47135928	0.204006	278654733
519	0.05663	47407882	0.221165	280270380
520	0.049005	47680880	0.217372	281892260
521	0.056077	47954924	0.231923	283520385
522	0.050945	48230016	0.216911	285154767
523	0.058069	48506158	0.207215	286795418
524	0.04835	48783352	0.21696	288442350
525	0.052318	49061600	0.226463	290095575
526	0.058663	49340904	0.2088	291755105
527	0.056223	49621266	0.224266	293420952
528	0.061653	49902688	0.226962	295093128
529	0.06564	50185172	0.220342	296771645
530	0.056167	50468720	0.248427	298456515
531	0.052889	50753334	0.23443	300147750
532	0.057935	51039016	0.221364	301845362
533	0.05883	51325768	0.246026	303549363
534	0.061323	51613592	0.234804	305259765
535	0.066552	51902490	0.253363	306976580
536	0.057191	52192464	0.251759	308699820
537	0.051497	52483516	0.242083	310429497
538	0.063419	52775648	0.23947	312165623
539	0.059023	53068862	0.236518	313908210
540	0.064425	53363160	0.226762	315657270
541	0.064046	53658544	0.222914	317412815
542	0.06716	53955016	0.237987	319174857
543	0.057367	54252578	0.230725	320943408
544	0.062838	54551232	0.223577	322718480
545	0.063172	54850980	0.248326	324500085
546	0.07315	55151824	0.236287	326288235
547	0.067188	55453766	0.249069	328082942
548	0.058301	55756808	0.256356	329884218
549	0.069177	56060952	0.264995	331692075
550	0.06239	56366200	0.261169	333506525
551	0.070123	56672554	0.261219	335327580
552	0.070568	56980016	0.258071	337155252
553	0.067369	57288588	0.254183	338989553
554	0.072874	57598272	0.25444	340830495
555	0.068988	57909070	0.268502	342678090
556	0.063518	58220984	0.265425	344532350
557	0.068485	58534016	0.250939	346393287
558	0.075285	58848168	0.274573	348260913
559	0.066085	59163442	0.260234	350135240
560	0.068371	59479840	0.250823	352016280
561	0.074976	59797364	0.270469	353904045
562	0.07695	60116016	0.262868	355798547
563	0.073217	60435798	0.265301	357699798
564	0.066458	60756712	0.300275	359607810
565	0.06278	61078760	0.284943	361522595
566	0.061852	61401944	0.27652	363444165
567	0.078217	61726266	0.284604	365372532
568	0.067903	62051728	0.280705	367307708
569	0.070864	62378332	0.295914	369249705
570	0.069452	62706080	0.271504	371198535
571	0.06453	63034974	0.275165	373154210
572	0.069972	63365016	0.268387	375116742
573	0.076335	63696208	0.274187	377086143
574	0.065091	64028552	0.286234	379062425
575	0.071133	64362050	0.288792	381045600
576	0.072204	64696704	0.282569	383035680
577	0.071442	65032516	0.281676	385032677
578	0.071799	65369488	0.276491	387036603
579	0.070929	65707622	0.306099	389047470
580	0.070386	66046920	0.302205	391065290
581	0.078728	66387384	0.291729	393090075
582	0.069628	66729016	0.281671	395121837
583	0.077245	67071818	0.31304	397160588
584	0.084024	67415792	0.305274	399206340
585	0.07981	67760940	0.303366	401259105
586	0.068936	68107264	0.326858	403318895
587	0.072823	68454766	0.309774	405385722
588	0.073135	68803448	0.300441	407459598
589	0.077841	69153312	0.352688	409540535
590	0.077469	69504360	0.337186	411628545
591	0.0804	69856594	0.327448	413723640
592	0.091023	70210016	0.325944	415825832
593	0.082137	70564628	0.30911	417935133
594	0.079546	70920432	0.323462	420051555
595	0.08489	71277430	0.322957	422175110
596	0.081047	71635624	0.335515	424305810
597	0.077706	71995016	0.332671	426443667
598	0.083661	72355608	0.319785	428588693
599	0.081428	72717402	0.33578	430740900
600	0.078184	73080400	0.31517	432900300
601	0.08469	73444604	0.333609	435066905
602	0.078913	73810016	0.322967	437240727
603	0.090282	74176638	0.345465	439421778
604	0.077362	74544472	0.353021	441610070
605	0.086961	74913520	0.325439	443805615
606	0.077751	75283784	0.33269	446008425
607	0.095735	75655266	0.326323	448218512
608	0.076021	76027968	0.323971	450435888
609	0.083974	76401892	0.353599	452660565
610	0.080622	76777040	0.356945	454892555
611	0.087109	77153414	0.341551	457131870
612	0.094847	77531016	0.370107	459378522
613	0.095473	77909848	0.344368	461632523
614	0.089488	78289912	0.371732	463893885
615	0.092705	78671210	0.395391	466162620
616	0.092494	79053744	0.366718	468438740
617	0.088569	79437516	0.381152	470722257
618	0.093654	79822528	0.367411	473013183
619	0.089656	80208782	0.365171	475311530
620	0.088203	80596280	0.361538	477617310
621	0.083258	80985024	0.369906	479930535
622	0.083455	81375016	0.371123	482251217
623	0.082551	81766258	0.389317	484579368
624	0.085639	82158752	0.390182	486915000
625	0.102799	82552500	0.433335	489258125
626	0.134458	82947504	0.405113	491608755
627	0.091747	83343766	0.409062	493966902
628	0.106425	83741288	0.391714	496332578
629	0.098782	84140072	0.394182	498705795
630	0.092146	84540120	0.405065	501086565
631	0.097516	84941434	0.422	503474900
632	0.091584	85344016	0.399431	505870812
633	0.101306	85747868	0.517986	508274313
634	0.132707	86152992	0.5468	510685415
635	0.140859	86559390	0.522315	513104130
636	0.125925	86967064	0.545681	515530470
637	0.13111	87376016	0.559175	517964447
638	0.146701	87786248	0.572132	520406073
639	0.138535	88197762	0.488832	522855360
640	0.121073	88610560	0.521396	525312320
641	0.123116	89024644	0.533883	527776965
642	0.1164	89440016	0.488537	530249307
643	0.151748	89856678	0.548855	532729358
644	0.119121	90274632	0.479053	535217130
645	0.129223	90693880	0.455025	537712635
646	0.10317	91114424	0.447623	540215885
647	0.097072	91536266	0.456768	542726892
648	0.100263	91959408	0.422422	545245668
649	0.107011	92383852	0.423751	547772225
650	0.103251	92809600	0.4451	550306575
651	0.112673	93236654	0.42582	552848730
652	0.10666	93665016	0.470825	555398702
653	0.110426	94094688	0.490257	557956503
654	0.11106	94525672	0.444241	560522145
655	0.109744	94957970	0.460954	563095640
656	0.11147	95391584	0.453821	565677000
657	0.117908	95826516	0.469043	568266237
658	0.120257	96262768	0.557978	570863363
659	0.153433	96700342	0.535827	573468390
660	0.128634	97139240	0.503163	576081330
661	0.129888	97579464	0.544633	578702195
662	0.120071	98021016	0.540513	581330997
663	0.183048	98463898	0.574345	583967748
664	0.161017	98908112	0.571037	586612460
665	0.13433	99353660	0.513504	589265145
666	0.12791	99800544	0.528177	591925815
667	0.133046	100248766	0.524654	594594482
668	0.136423	100698328	0.58945	597271158
669	0.139917	101149232	0.537329	599955855
670	0.132478	101601480	0.53074	602648585
671	0.143353	102055074	0.554974	605349360
672	0.126155	102510016	0.494125	608058192
673	0.122426	102966308	0.533866	610775093
674	0.127071	103423952	0.521409	613500075
675	0.121454	103882950	0.497628	616233150
676	0.123751	104343304	0.492557	618974330
677	0.138589	104805016	0.501738	621723627
678	0.11604	105268088	0.525734	624481053
679	0.121564	105732522	0.522073	627246620
680	0.113348	106198320	0.505353	630020340
681	0.133553	106665484	0.539967	632802225
682	0.129249	107134016	0.533802	635592287
683	0.12047	107603918	0.506204	638390538
684	0.113335	108075192	0.517921	641196990
685	0.150878	108547840	0.546504	644011655
686	0.135459	109021864	0.549182	646834545
687	0.129565	109497266	0.54985	649665672
688	0.127896	109974048	0.557162	652505048
689	0.142316	110452212	0.548957	655352685
690	0.126845	110931760	0.5436	658208595
691	0.119975	111412694	0.554273	661072790
692	0.123202	111895016	0.553963	663945282
693	0.136492	112378728	0.529173	666826083
694	0.140049	112863832	0.554021	669715205
695	0.114463	113350330	0.539592	672612660
696	0.125919	113838224	0.539957	675518460
697	0.138135	114327516	0.554654	678432617
698	0.127651	114818208	0.598138	681355143
699	0.12706	115310302	0.581946	684286050
700	0.125534	115803800	0.55105	687225350
701	0.137916	116298704	0.587506	690173055
702	0.130071	116795016	0.580241	693129177
703	0.135526	117292738	0.599158	696093728
704	0.129925	117791872	0.577841	699066720
705	0.135438	118292420	0.60313	702048165
706	0.1458	118794384	0.581245	705038075
707	0.132348	119297766	0.621334	708036462
708	0.136971	119802568	0.619464	711043338
709	0.135173	120308792	0.605915	714058715
710	0.203417	120816440	0.673385	717082605
711	0.193213	121325514	0.709227	720115020
712	0.125695	121836016	0.693968	723155972
713	0.218378	122347948	0.691594	726205473
714	0.154767	122861312	0.702735	729263535
715	0.150973	123376110	0.613729	732330170
716	0.155966	123892344	0.630103	735405390
717	0.155462	124410016	0.645296	738489207
718	0.147399	124929128	0.626058	741581633
719	0.156335	125449682	0.652979	744682680
720	0.147791	125971680	0.621771	747792360
721	0.142442	126495124	0.660624	750910685
722	0.148797	127020016	0.645949	754037667
723	0.17003	127546358	0.649062	757173318
724	0.146968	128074152	0.656327	760317650
725	0.146453	128603400	0.639891	763470675
726	0.147398	129134104	0.780553	766632405
727	0.19122	129666266	0.843782	769802852
728	0.189117	130199888	0.699322	772982028
729	0.171066	130734972	0.723385	776169945
730	0.155278	131271520	0.670178	779366615
731	0.162607	131809534	0.683197	782572050
732	0.153804	132349016	0.659791	785786262
733	0.146944	132889968	0.659371	789009263
734	0.166727	133432392	0.693619	792241065
735	0.231403	133976290	0.763662	795481680
736	0.162603	134521664	0.70092	798731120
737	0.169535	135068516	0.683746	801989397
738	0.159144	135616848	0.733006	805256523
739	0.201477	136166662	0.823781	808532510
740	0.220741	136717960	0.737034	811817370
741	0.168055	137270744	0.696182	815111115
742	0.154723	137825016	0.707181	818413757
743	0.153845	138380778	0.692818	821725308
744	0.162365	138938032	0.710104	825045780
745	0.16359	139496780	0.716644	828375185
746	0.177768	140057024	0.721312	831713535
747	0.163753	140618766	0.703127	835060842
748	0.168087	141182008	0.703841	838417118
749	0.179849	141746752	0.707758	841782375
750	0.172254	142313000	0.727863	845156625
751	0.160939	142880754	0.753098	848539880
752	0.159563	143450016	0.717081	851932152
753	0.155809	144020788	0.768284	855333453
754	0.168109	144593072	0.732649	858743795
755	0.168225	145166870	0.727016	862163190
756	0.167597	145742184	0.733498	865591650
757	0.169519	146319016	0.734097	869029187
758	0.175045	146897368	0.740243	872475813
759	0.173515	147477242	0.758006	875931540
760	0.176835	148058640	0.791978	879396380
761	0.176223	148641564	0.938669	882870345
762	0.180804	149226016	1.04158	886353447
763	0.175291	149811998	0.898217	889845698
764	0.200143	150399512	0.918043	893347110
765	0.234326	150988560	0.835649	896857695
766	0.182063	151579144	0.953954	900377465
767	0.190518	152171266	0.887024	903906432
768	0.185789	152764928	0.881855	907444608
769	0.246473	153360132	1.01447	910992005
770	0.256242	153956880	0.980199	914548635
771	0.191003	154555174	0.937964	918114510
772	0.196486	155155016	0.869622	921689642
773	0.233832	155756408	0.964879	925274043
774	0.242628	156359352	0.867696	928867725
775	0.19343	156963850	0.869119	932470700
776	0.189575	157569904	0.806826	936082980
777	0.192126	158177516	0.812799	939704577
778	0.194394	158786688	0.790919	943335503
779	0.191845	159397422	0.793008	946975770
780	0.201979	160009720	0.809714	950625390
781	0.175564	160623584	0.830782	954284375
782	0.191018	161239016	1.01355	957952737
783	0.199651	161856018	0.897331	961630488
784	0.225455	162474592	0.921371	965317640
785	0.25044	163094740	0.876685	969014205
786	0.189259	163716464	0.854203	972720195
787	0.198475	164339766	0.980077	976435622
788	0.27639	164964648	0.954356	980160498
789	0.210014	165591112	0.858408	983894835
790	0.191595	166219160	0.823814	987638645
791	0.206548	166848794	0.85415	991391940
792	0.19467	167480016	0.853916	995154732
793	0.206074	168112828	0.914915	998927033
794	0.290592	168747232	1.07615	1002708855
795	0.253894	169383230	0.999366	1006500210
796	0.211423	170020824	0.880713	1010301110
797	0.215447	170660016	0.904108	1014111567
798	0.208693	171300808	0.95446	1017931593
799	0.249425	171943202	0.991473	1021761200
800	0.220603	172587200	0.88658	1025600400
801	0.204837	173232804	0.910683	1029449205
802	0.227033	173880016	0.892065	1033307627
803	0.207179	174528838	0.857037	1037175678
804	0.212573	175179272	0.900538	1041053370
805	0.215877	175831320	0.912891	1044940715
806	0.213572	176484984	0.951113	1048837725
807	0.205529	177140266	0.887946	1052744412
808	0.250652	177797168	1.00784	1056660788
809	0.307262	178455692	1.05084	1060586865
810	0.23817	179115840	0.949322	1064522655
811	0.204338	179777614	1.11532	1068468170
812	0.297812	180441016	0.915919	1072423422
813	0.214139	181106048	0.955773	1076388423
814	0.204797	181772712	0.914857	1080363185
815	0.213215	182441010	0.931561	1084347720
816	0.220494	183110944	0.96995	1088342040
817	0.223047	183782516	1.12092	1092346157
818	0.248209	184455728	1.11902	1096360083
819	0.240546	185130582	0.962094	1100383830
820	0.218965	185807080	0.92611	1104417410
821	0.215089	186485224	0.950809	1108460835
822	0.229357	187165016	0.977543	1112514117
823	0.224867	187846458	0.992712	1116577268
824	0.228301	188529552	1.03601	1120650300
825	0.269539	189214300	1.11114	1124733225
826	0.285614	189900704	1.15433	1128826055
827	0.255665	190588766	1.00702	1132928802
828	0.231971	191278488	1.04975	1137041478
829	0.313744	191969872	1.17676	1141164095
830	0.272841	192662920	1.05689	1145296665
831	0.232828	193357634	1.01601	1149439200
832	0.234711	194054016	1.0398	1153591712
833	0.239325	194752068	1.05865	1157754213
834	0.333482	195451792	1.14024	1161926715
835	0.247841	196153190	1.06032	1166109230
836	0.226439	196856264	1.01798	1170301770
837	0.255364	197561016	1.1874	1174504347
838	0.255368	198267448	1.05187	1178716973
839	0.238613	198975562	1.07534	1182939660
840	0.253802	199685360	1.02563	1187172420
841	0.2347	200396844	1.03938	1191415265
842	0.24121	201110016	1.08537	1195668207
843	0.236822	201824878	1.05676	1199931258
844	0.266767	202541432	1.05153	1204204430
845	0.254273	203259680	1.04453	1208487735
846	0.244591	203979624	1.05264	1212781185
847	0.254184	204701266	1.11889	1217084792
848	0.246749	205424608	1.06821	1221398568
849	0.244674	206149652	1.09503	1225722525
850	0.249801	206876400	1.10134	1230056675
851	0.258267	207604854	1.30969	1234401030
852	0.31887	208335016	1.3636	1238755602
853	0.322132	209066888	1.2555	1243120403
854	0.281365	209800472	1.12874	1247495445
855	0.266049	210535770	1.16407	1251880740
856	0.262662	211272784	1.21033	1256276300
857	0.310069	212011516	1.15334	1260682137
858	0.265551	212751968	1.09232	1265098263
859	0.256895	213494142	1.14519	1269524690
860	0.2706	214238040	1.15342	1273961430
861	0.288222	214983664	1.10701	1278408495
862	0.278613	215731016	1.15736	1282865897
863	0.264463	216480098	1.11739	1287333648
864	0.267892	217230912	1.15351	1291811760
865	0.274434	217983460	1.14909	1296300245
866	0.272918	218737744	1.16276	1300799115
867	0.273917	219493766	1.17245	1305308382
868	0.281581	220251528	1.1959	1309828058
869	0.271862	221011032	1.19575	1314358155
870	0.270568	221772280	1.18041	1318898685
871	0.258742	222535274	1.16599	1323449660
872	0.279891	223300016	1.19602	1328011092
873	0.273366	224066508	1.2187	1332582993
874	0.279211	224834752	1.15416	1337165375
875	0.289045	225604750	1.18725	1341758250
876	0.279756	226376504	1.19815	1346361630
877	0.283413	227150016	1.21864	1350975527
878	0.276463	227925288	1.18008	1355599953
879	0.277574	228702322	1.21359	1360234920
880	0.288953	229481120	1.19778	1364880440
881	0.279586	230261684	1.17944	1369536525
882	0.269559	231044016	1.21672	1374203187
883	0.268586	231828118	1.21155	1378880438
884	0.27705	232613992	1.17348	1383568290
885	0.276656	233401640	1.21591	1388266755
886	0.270944	234191064	1.28194	1392975845
887	0.282075	234982266	1.19847	1397695572
888	0.282934	235775248	1.24018	1402425948
889	0.273377	236570012	1.20911	1407166985
890	0.278628	237366560	1.25313	1411918695
891	0.313576	238164894	1.3143	1416681090
892	0.308709	238965016	1.30125	1421454182
893	0.287075	239766928	1.33899	1426237983
894	0.288961	240570632	1.28276	1431032505
895	0.287738	241376130	1.27812	1435837760
896	0.305384	242183424	1.40191	1440653760
897	0.423677	242992516	1.41882	1445480517
898	0.326224	243803408	1.33079	1450318043
899	0.32205	244616102	1.34884	1455166350
900	0.2985	245430600	1.5067	1460025450
901	0.469659	246246904	1.52912	1464895355
902	0.431188	247065016	1.44838	1469776077
903	0.314185	247884938	1.33652	1474667628
904	0.34181	248706672	1.41026	1479570020
905	0.450189	249530220	1.61436	1484483265
906	0.331794	250355584	1.34836	1489407375
907	0.330577	251182766	1.42924	1494342362
908	0.327988	252011768	1.46915	1499288238
909	0.341645	252842592	1.60431	1504245015
910	0.385211	253675240	1.39778	1509212705
911	0.315408	254509714	1.37618	1514191320
912	0.327613	255346016	1.3595	1519180872
913	0.319689	256184148	1.34279	1524181373
914	0.346648	257024112	1.39843	1529192835
915	0.324358	257865910	1.40808	1534215270
916	0.340773	258709544	1.44538	1539248690
917	0.37057	259555016	1.37429	1544293107
918	0.383413	260402328	1.63522	1549348533
919	0.374345	261251482	1.41774	1554414980
920	0.308334	262102480	1.41947	1559492460
921	0.35388	262955324	1.41528	1564580985
922	0.335004	263810016	1.45031	1569680567
923	0.333305	264666558	1.4308	1574791218
924	0.33804	265524952	1.40891	1579912950
925	0.338752	266385200	1.42934	1585045775
926	0.344665	267247304	1.46475	1590189705
927	0.337831	268111266	1.44479	1595344752
928	0.330082	268977088	1.44947	1600510928
929	0.348011	269844772	1.51734	1605688245
930	0.502974	270714320	1.63251	1610876715
931	0.349453	271585734	1.46157	1616076350
932	0.351	272459016	1.47193	1621287162
933	0.359595	273334168	1.60137	1626509163
934	0.389503	274211192	1.57525	1631742365
935	0.424781	275090090	1.61065	1636986780
936	0.341368	275970864	1.69988	1642242420
937	0.360708	276853516	1.74869	1647509297
938	0.357453	277738048	1.67581	1652787423
939	0.365311	278624462	1.743	1658076810
940	0.399445	279512760	1.64282	1663377470
941	0.446014	280402944	1.66521	1668689415
942	0.364476	281295016	1.80918	1674012657
943	0.458338	282188978	1.6358	1679347208
944	0.344316	283084832	1.51119	1684693080
945	0.35779	283982580	1.66859	1690050285
946	0.377265	284882224	1.58901	1695418835
947	0.356754	285783766	1.54615	1700798742
948	0.357448	286687208	1.59671	1706190018
949	0.360675	287592552	1.54103	1711592675
950	0.372869	288499800	1.54652	1717006725
951	0.372659	289408954	1.61053	1722432180
952	0.473608	290320016	1.67515	1727869052
953	0.464933	291232988	1.77416	1733317353
954	0.373626	292147872	1.59508	1738777095
955	0.383548	293064670	1.56396	1744248290
956	0.366837	293983384	1.69135	1749730950
957	0.373967	294904016	1.84612	1755225087
958	0.388971	295826568	2.06564	1760730713
959	0.425437	296751042	2.02288	1766247840
960	0.399355	297677440	1.71099	1771776480
961	0.504987	298605764	1.89153	1777316645
962	0.402537	299536016	1.79996	1782868347
963	0.47802	300468198	1.8832	1788431598
964	0.485319	301402312	1.80422	1794006410
965	0.506947	302338360	1.8409	1799592795
966	0.469033	303276344	1.85131	1805190765
967	0.410693	304216266	1.71808	1810800332
968	0.403169	305158128	1.69317	1816421508
969	0.406196	306101932	1.74085	1822054305
970	0.412813	307047680	1.72086	1827698735
971	0.429465	307995374	1.65609	1833354810
972	0.487752	308945016	1.83922	1839022542
973	0.423036	309896608	1.85118	1844701943
974	0.401177	310850152	1.6688	1850393025
975	0.391793	311805650	1.67791	1856095800
976	0.414756	312763104	1.71032	1861810280
977	0.428823	313722516	1.72528	1867536477
978	0.415354	314683888	1.71611	1873274403
979	0.39462	315647222	1.70422	1879024070
980	0.401918	316612520	1.78697	1884785490
981	0.419323	317579784	1.7067	1890558675
982	0.420285	318549016	1.72912	1896343637
983	0.427974	319520218	1.77006	1902140388
984	0.401819	320493392	1.75259	1907948940
985	0.40946	321468540	1.78318	1913769305
986	0.417893	322445664	1.77371	1919601495
987	0.396109	323424766	1.83237	1925445522
988	0.435104	324405848	1.74944	1931301398
989	0.424988	325388912	1.75787	1937169135
990	0.414556	326373960	1.80187	1943048745
991	0.422317	327360994	1.78705	1948940240
992	0.42876	328350016	1.79772	1954843632
993	0.411311	329341028	1.77216	1960758933
994	0.417328	330334032	1.79474	1966686155
995	0.437014	331329030	1.77193	1972625310
996	0.451631	332326024	1.8843	1978576410
997	0.484073	333325016	2.03378	1984539467
998	0.447593	334326008	1.83596	1990514493
999	0.45645	335329002	1.93203	1996501500
1000	0.443438	336334000	1.85836	2002500500
